http://dx.doi.org/10.13039/100013339,"CRB Innovations"
http://dx.doi.org/10.13039/501100000002,"Alberta Centre for Child, Family and Community Research"
http://dx.doi.org/10.13039/100008644,"Faculty of Medicine, McGill University"
http://dx.doi.org/10.13039/501100002184,"Canadian Climate Forum"
http://dx.doi.org/10.13039/501100000034,"Institute of Neurosciences, Mental Health and Addiction"
http://dx.doi.org/10.13039/100009367,"University of Winnipeg"
http://dx.doi.org/10.13039/100012236,"Alberta Agriculture and Forestry"
http://dx.doi.org/10.13039/100008042,"Niskamoon Corporation"
http://dx.doi.org/10.13039/100008137,"Ministry of Natural Resources"
http://dx.doi.org/10.13039/501100003025,"Effigis"
http://dx.doi.org/10.13039/501100004376,"Terry Fox Research Institute"
http://dx.doi.org/10.13039/501100013334,"Schwartz/Reisman Emergency Medicine Institute"
http://dx.doi.org/10.13039/100008573,"Cement Association of Canada"
http://dx.doi.org/10.13039/501100002982,"Dr. Alfred E. Deacon Medical Research Foundation"
http://dx.doi.org/10.13039/100009137,"Schulich School of Music"
http://dx.doi.org/10.13039/100009059,"Pacific Institute for the Mathematical Sciences"
http://dx.doi.org/10.13039/100012322,"Toronto East General Hospital Foundation"
http://dx.doi.org/10.13039/501100003249,"Laidlaw Foundation"
http://dx.doi.org/10.13039/501100000146,"Alberta Innovates - Technology Futures"
http://dx.doi.org/10.13039/100013754,"Fondation pour la recherche juridique"
http://dx.doi.org/10.13039/100012262,"J.W. McConnell Family Foundation"
http://dx.doi.org/10.13039/100008948,"Avalon Rare Metals"
http://dx.doi.org/10.13039/100013502,"Canadian Patient Safety Institute"
http://dx.doi.org/10.13039/100012439,"Commission for Environmental Cooperation"
http://dx.doi.org/10.13039/100005952,"Journal of the History of Philosophy"
http://dx.doi.org/10.13039/100013196,"Western Canada Research Grid"
http://dx.doi.org/10.13039/501100003326,"ArboraNano"
http://dx.doi.org/10.13039/100012767,"HEC Montréal"
http://dx.doi.org/10.13039/100009776,"McMaster University"
http://dx.doi.org/10.13039/501100003146,"Forintek Canada"
http://dx.doi.org/10.13039/100013891,"Immunodeficiency Canada"
http://dx.doi.org/10.13039/501100000082,"Cystic Fibrosis Canada"
http://dx.doi.org/10.13039/501100004249,"Public Works and Government Services Canada"
http://dx.doi.org/10.13039/100011604,"Société Canadienne des Sciences Judiciaires"
http://dx.doi.org/10.13039/501100000099,"Sustainable Development Technology Canada"
http://dx.doi.org/10.13039/100014823,"VGH and UBC Hospital Foundation"
http://dx.doi.org/10.13039/501100002791,"Canadian Optometric Education Trust Fund"
http://dx.doi.org/10.13039/501100012040,"Jack.org"
http://dx.doi.org/10.13039/501100000160,"Network for Business Sustainability"
http://dx.doi.org/10.13039/100008741,"Canada School of Energy and Environment"
http://dx.doi.org/10.13039/501100003048,"EMS Ingénierie"
http://dx.doi.org/10.13039/100008785,"University of Northern British Columbia"
http://dx.doi.org/10.13039/501100000192,"Ontario Ministry of Economic Development and Innovation"
http://dx.doi.org/10.13039/501100000104,"Canadian Mathematical Society"
http://dx.doi.org/10.13039/100008082,"Institut sur la Nutrition et les Aliments Fonctionnels"
http://dx.doi.org/10.13039/501100000098,"Stem Cell Network"
http://dx.doi.org/10.13039/501100005155,"Azrieli Foundation"
http://dx.doi.org/10.13039/501100011848,"Novo Nordisk Canada"
http://dx.doi.org/10.13039/501100007553,"Gambling Research Exchange Ontario"
http://dx.doi.org/10.13039/100012857,"Alberta Parks"
http://dx.doi.org/10.13039/100013379,"Grain Farmers of Ontario"
http://dx.doi.org/10.13039/501100002021,"International Council for Canadian Studies"
http://dx.doi.org/10.13039/100012575,"Brookfield Renewable Partners"
http://dx.doi.org/10.13039/100007892,"Faculty of Arts, Ryerson University"
http://dx.doi.org/10.13039/100013531,"E.W.R. Steacie Memorial Fund"
http://dx.doi.org/10.13039/100012376,"Université du Québec en Outaouais"
http://dx.doi.org/10.13039/100012280,"Rare Disease Foundation"
http://dx.doi.org/10.13039/501100000094,"Ontario Ministry of Agriculture, Food and Rural Affairs"
http://dx.doi.org/10.13039/100012573,"MicroResearch"
http://dx.doi.org/10.13039/100008681,"Canadian Poultry Research Council"
http://dx.doi.org/10.13039/100013053,"Hotchkiss Brain Institute"
http://dx.doi.org/10.13039/501100000039,"Environment Canada"
http://dx.doi.org/10.13039/100008933,"Centre de Développement des Composites du Québec"
http://dx.doi.org/10.13039/501100003833,"Hydro-Québec"
http://dx.doi.org/10.13039/501100000190,"University of Alberta"
http://dx.doi.org/10.13039/100012677,"Behavioural and Cognitive Neuroscience Institute, Simon Fraser University"
http://dx.doi.org/10.13039/100010639,"North American Strawberry Grower's Association"
http://dx.doi.org/10.13039/501100000184,"Trent University"
http://dx.doi.org/10.13039/501100000155,"Social Sciences and Humanities Research Council of Canada"
http://dx.doi.org/10.13039/501100008903,"SFU Community Trust Endowment Fund"
http://dx.doi.org/10.13039/501100000020,"Fields Institute for Research in Mathematical Sciences"
http://dx.doi.org/10.13039/501100003151,"Fonds de Recherche du Québec - Nature et Technologies"
http://dx.doi.org/10.13039/100013800,"Speech-Language and Audiology Canada"
http://dx.doi.org/10.13039/501100000230,"Manitoba Arts Council"
http://dx.doi.org/10.13039/100009812,"Princess Margaret Cancer Foundation"
http://dx.doi.org/10.13039/100009443,"Université du Québec à Rimouski"
http://dx.doi.org/10.13039/501100004952,"Atlantic Canada Opportunities Agency"
http://dx.doi.org/10.13039/501100007155,"Medical Research Council Canada"
http://dx.doi.org/10.13039/501100012531,"Dystonia Medical Research Foundation Canada"
http://dx.doi.org/10.13039/100011608,"Société Canadienne de Pédiatrie"
http://dx.doi.org/10.13039/100010231,"Banting Research Foundation"
http://dx.doi.org/10.13039/501100004494,"Nature Conservancy of Canada"
http://dx.doi.org/10.13039/501100000244,"Gordon Foundation"
http://dx.doi.org/10.13039/100008185,"Ontario Innovation Trust"
http://dx.doi.org/10.13039/501100000158,"Faculty of Arts, University of Calgary"
http://dx.doi.org/10.13039/501100002877,"Churchill Northern Studies Centre"
http://dx.doi.org/10.13039/501100000156,"Fonds de Recherche du Québec - Santé"
http://dx.doi.org/10.13039/100011774,"Fondation Chiropratique du Québec"
http://dx.doi.org/10.13039/100008794,"Research Manitoba"
http://dx.doi.org/10.13039/100014267,"Bélanger-Gardner Foundation"
http://dx.doi.org/10.13039/501100003287,"Manitoba Mental Health Research Foundation"
http://dx.doi.org/10.13039/501100013216,"School of Graduate Studies, Queen's University"
http://dx.doi.org/10.13039/501100000201,"Lawson Foundation"
http://dx.doi.org/10.13039/100011782,"Western College of Veterinary Medicine, University of Saskatchewan"
http://dx.doi.org/10.13039/100006106,"Bone and Joint Decade Canada"
http://dx.doi.org/10.13039/501100000145,"Alberta Innovates - Health Solutions"
http://dx.doi.org/10.13039/100013374,"Ministère des relations internationales et de la Francophonie"
http://dx.doi.org/10.13039/100014407,"Ministry of Advanced Education, Government of Alberta"
http://dx.doi.org/10.13039/100008921,"Ministry of Agriculture - Saskatchewan"
http://dx.doi.org/10.13039/501100000107,"Research Services, University of Calgary"
http://dx.doi.org/10.13039/501100000233,"Genome British Columbia"
http://dx.doi.org/10.13039/100014469,"Ontario College of Pharmacists"
http://dx.doi.org/10.13039/501100000226,"Ontario Ministry of Health and Long-Term Care"
http://dx.doi.org/10.13039/501100003178,"Alberta Glycomics Centre"
http://dx.doi.org/10.13039/100013099,"Canadian Association of College and University Student Services"
http://dx.doi.org/10.13039/100013804,"Thalassemia Foundation of Canada"
http://dx.doi.org/10.13039/501100011029,"Helmholtz-Alberta Initiative"
http://dx.doi.org/10.13039/501100003346,"Carbon Management Canada"
http://dx.doi.org/10.13039/100005244,"Arctic Institute of North America"
http://dx.doi.org/10.13039/100011954,"Biogeoscience Institute, University of Calgary"
http://dx.doi.org/10.13039/501100000087,"Faculty of Graduate Studies, Dalhousie University"
http://dx.doi.org/10.13039/100011628,"Faculty of Veterinary Medicine, University of Calgary"
http://dx.doi.org/10.13039/100010092,"Hannah's Heroes Foundation"
http://dx.doi.org/10.13039/100011322,"General Motors of Canada"
http://dx.doi.org/10.13039/501100013230,"Childhood Cancer Canada"
http://dx.doi.org/10.13039/100014508,"Saskatoon Community Foundation"
http://dx.doi.org/10.13039/100014505,"R. Howard Webster Foundation"
http://dx.doi.org/10.13039/501100005247,"University of British Columbia"
http://dx.doi.org/10.13039/100013217,"Fisheries Joint Management Committee"
http://dx.doi.org/10.13039/100014116,"Ontario Veterinary College, University of Guelph"
http://dx.doi.org/10.13039/501100000030,"Institute of Genetics"
http://dx.doi.org/10.13039/100012271,"Canadian Race Relations Foundation"
http://dx.doi.org/10.13039/100012258,"Polar Knowledge Canada"
http://dx.doi.org/10.13039/100012972,"St. Thomas University"
http://dx.doi.org/10.13039/100014737,"Centre de recherche Léa-Roback"
http://dx.doi.org/10.13039/501100004111,"Leading Edge Endowment Fund"
http://dx.doi.org/10.13039/100012461,"Surgery and Critical Care Program, University Health Network"
http://dx.doi.org/10.13039/501100000064,"Banting and Best Diabetes Centre, University of Toronto"
http://dx.doi.org/10.13039/501100002956,"Defence Research and Development Canada"
http://dx.doi.org/10.13039/501100006441,"Faculty of Pharmacy and Pharmaceutical Sciences, University of Alberta"
http://dx.doi.org/10.13039/501100000010,"Canadian Association for the Study of the Liver"
http://dx.doi.org/10.13039/501100000141,"Alberta Foundation for the Arts"
http://dx.doi.org/10.13039/501100000013,"Canadian Bar Association"
http://dx.doi.org/10.13039/100011513,"Ataxia Canada"
http://dx.doi.org/10.13039/501100000231,"Newfoundland and Labrador Arts Council"
http://dx.doi.org/10.13039/100011514,"Campbell Family Institute for Breast Cancer Research"
http://dx.doi.org/10.13039/501100000195,"Canada Council for the Arts"
http://dx.doi.org/10.13039/100003960,"George Cedric Metcalf Charitable Foundation"
http://dx.doi.org/10.13039/100012992,"École de technologie supérieure"
http://dx.doi.org/10.13039/501100000261,"Multiple Sclerosis Society of Canada"
http://dx.doi.org/10.13039/100012532,"Environmental Studies Research Funds"
http://dx.doi.org/10.13039/501100002782,"Calgary Institute for the Humanities, University of Calgary"
http://dx.doi.org/10.13039/100012270,"Animal Welfare Foundation of Canada"
http://dx.doi.org/10.13039/100014105,"FedDev Ontario"
http://dx.doi.org/10.13039/100010700,"Registered Nurses' Association of Ontario"
http://dx.doi.org/10.13039/100007858,"Department of Natural Resources, Government of Newfoundland and Labrador"
http://dx.doi.org/10.13039/100012453,"Providence Health Care"
http://dx.doi.org/10.13039/501100000189,"Nasivvik Centre for Inuit Health and Changing Environments"
http://dx.doi.org/10.13039/501100010778,"Centre de recherche du CHU Sainte-Justine"
http://dx.doi.org/10.13039/501100012651,"Fondation Institut de Cardiologie de Montréal"
http://dx.doi.org/10.13039/100009007,"Health Research Foundation"
http://dx.doi.org/10.13039/100013188,"Réseau de recherche portant sur les interventions en sciences infirmières du Québec"
http://dx.doi.org/10.13039/100009154,"University of Windsor"
http://dx.doi.org/10.13039/100012980,"King's University College"
http://dx.doi.org/10.13039/501100001805,"Canada Foundation for Innovation"
http://dx.doi.org/10.13039/100013794,"Co-operative Education and Work-Integrated Learning Canada"
http://dx.doi.org/10.13039/100012260,"Calgary Foundation"
http://dx.doi.org/10.13039/501100004261,"Research and Development Corporation of Newfoundland and Labrador"
http://dx.doi.org/10.13039/100012278,"London Community Foundation"
http://dx.doi.org/10.13039/501100008411,"Waterloo Institute for Nanotechnology, University of Waterloo"
http://dx.doi.org/10.13039/100012511,"QEII Foundation"
http://dx.doi.org/10.13039/100012190,"Alberta Beef Producers"
http://dx.doi.org/10.13039/501100000007,"Canadian Aeronautics and Space Institute"
http://dx.doi.org/10.13039/100013799,"Canadian Academy of Audiology"
http://dx.doi.org/10.13039/501100003479,"HealthForceOntario"
http://dx.doi.org/10.13039/100008313,"Canarie"
http://dx.doi.org/10.13039/100011342,"College of Nursing, University of Saskatchewan"
http://dx.doi.org/10.13039/100011787,"Bow Valley College"
http://dx.doi.org/10.13039/501100006043,"Canadian Centre for Clean Coal/Carbon and Mineral Processing Technologies"
http://dx.doi.org/10.13039/501100005262,"Ministry of Advanced Education and Technology"
http://dx.doi.org/10.13039/100014406,"Faculty of Arts and Social Sciences, Carleton University"
http://dx.doi.org/10.13039/501100000077,"Centre for Research on Intermediality, University of Montreal"
http://dx.doi.org/10.13039/501100003525,"Healthy Minds Canada"
http://dx.doi.org/10.13039/100009874,"Université de Sherbrooke"
http://dx.doi.org/10.13039/501100004227,"Petroleum Technology Research Centre"
http://dx.doi.org/10.13039/100011157,"Cures for Kids"
http://dx.doi.org/10.13039/501100000063,"British Columbia Innovation Council"
http://dx.doi.org/10.13039/100013796,"Canadian Urological Association Scholarship Fund"
http://dx.doi.org/10.13039/501100002343,"Institut de Recherche Robert-Sauvé en Santé et en Sécurité du Travail"
http://dx.doi.org/10.13039/501100008627,"Global Affairs Canada"
http://dx.doi.org/10.13039/501100009111,"PolicyWise for Children and Families"
http://dx.doi.org/10.13039/501100007658,"Crohn's and Colitis Canada"
http://dx.doi.org/10.13039/100013762,"Aurora Research Institute"
http://dx.doi.org/10.13039/100009025,"Westco Fertilizers"
http://dx.doi.org/10.13039/100008604,"Canadian Nuclear Safety Commission"
http://dx.doi.org/10.13039/501100005616,"Memorial University of Newfoundland"
http://dx.doi.org/10.13039/100013499,"Canadian Academic Accounting Association"
http://dx.doi.org/10.13039/100008164,"Advanced Foods and Materials Canada"
http://dx.doi.org/10.13039/100008572,"University of Ottawa"
http://dx.doi.org/10.13039/100009663,"University Health Network"
http://dx.doi.org/10.13039/501100000072,"Canadian Association of University Teachers"
http://dx.doi.org/10.13039/100008797,"Canada Millennium Scholarship Foundation"
http://dx.doi.org/10.13039/100010503,"Canadian International Development Agency"
http://dx.doi.org/10.13039/100013873,"Government of Ontario"
http://dx.doi.org/10.13039/501100010630,"Faculty of Medicine, Memorial University of Newfoundland"
http://dx.doi.org/10.13039/501100000026,"Institute of Aging"
http://dx.doi.org/10.13039/100012448,"Champlain Local Health Integration Network"
http://dx.doi.org/10.13039/100014611,"Manitoba Hydro"
http://dx.doi.org/10.13039/100014416,"Canadian Automobile Association"
http://dx.doi.org/10.13039/100009288,"Canadian Bureau for International Education"
http://dx.doi.org/10.13039/501100012394,"Canadian Forest Service"
http://dx.doi.org/10.13039/501100002746,"BC Hydro"
http://dx.doi.org/10.13039/100007611,"Amorfix Life Sciences"
http://dx.doi.org/10.13039/100013585,"Agriculture Funding Consortium"
http://dx.doi.org/10.13039/501100004381,"Western University"
http://dx.doi.org/10.13039/100009013,"Lafarge Canada"
http://dx.doi.org/10.13039/100011452,"Canadian Foundation for Pharmacy"
http://dx.doi.org/10.13039/100009427,"Acadia University"
http://dx.doi.org/10.13039/100014613,"Public Safety Canada"
http://dx.doi.org/10.13039/501100009307,"Parkinson Canada"
http://dx.doi.org/10.13039/100009003,"Hotchkiss Brain Institute, University of Calgary"
http://dx.doi.org/10.13039/501100000040,"Agriculture and Agri-Food Canada"
http://dx.doi.org/10.13039/501100004888,"Centre Hospitalier Universitaire de Québec"
http://dx.doi.org/10.13039/501100012395,"Canadian Immunization Research Network"
http://dx.doi.org/10.13039/100012179,"Alberta Barley"
http://dx.doi.org/10.13039/100011788,"Burman University"
http://dx.doi.org/10.13039/501100000036,"Institute of Population and Public Health"
http://dx.doi.org/10.13039/501100006557,"Centre Technologique des Résidus Industriels"
http://dx.doi.org/10.13039/501100006677,"Alberta Innovates Bio Solutions"
http://dx.doi.org/10.13039/100012444,"Telfer School of Management, University of Ottawa"
http://dx.doi.org/10.13039/100011762,"Alberta Biodiversity Monitoring Institute"
http://dx.doi.org/10.13039/100009325,"Canadian Health Services Research Foundation"
http://dx.doi.org/10.13039/100012970,"Canadian Mennonite University"
http://dx.doi.org/10.13039/501100000070,"Canadian Political Science Association"
http://dx.doi.org/10.13039/501100000048,"Canada Economic Development for Quebec Regions"
http://dx.doi.org/10.13039/100008777,"Ministère de l'Agriculture, des Pêcheries et de l'Alimentation"
http://dx.doi.org/10.13039/100005203,"Renal Pathology Society"
http://dx.doi.org/10.13039/100012167,"Canadian Council of Cardiovascular Nurses"
http://dx.doi.org/10.13039/100008154,"Canadian Allergy, Asthma and Immunology Foundation"
http://dx.doi.org/10.13039/100007581,"Alberta Cancer Board"
http://dx.doi.org/10.13039/100014408,"Ministry of Children and Family Development, British Columbia"
http://dx.doi.org/10.13039/100014379,"Canadian Network for Mood and Anxiety Treatments"
http://dx.doi.org/10.13039/100014321,"World Federation of Hemophilia"
http://dx.doi.org/10.13039/100007476,"Canadian Diabetes Association"
http://dx.doi.org/10.13039/501100000001,"Alberta Cancer Foundation"
http://dx.doi.org/10.13039/100008776,"Poultry Industry Council"
http://dx.doi.org/10.13039/501100004388,"Oncolytics Biotech"
http://dx.doi.org/10.13039/100008469,"Canadian Urological Oncology Group"
http://dx.doi.org/10.13039/501100000262,"Foundation Fighting Blindness"
http://dx.doi.org/10.13039/501100008632,"Indigenous and Northern Affairs Canada"
http://dx.doi.org/10.13039/501100000238,"Brain Tumour Foundation of Canada"
http://dx.doi.org/10.13039/501100000235,"British Columbia Environmental and Occupational Health Research Network"
http://dx.doi.org/10.13039/100012379,"Lakehead University"
http://dx.doi.org/10.13039/100009005,"Prairie Improvement Network"
http://dx.doi.org/10.13039/501100004526,"Ontario Power Authority"
http://dx.doi.org/10.13039/100011600,"Pediatric Glaucoma and Cataract Family Association"
http://dx.doi.org/10.13039/501100013229,"C17 Children's Cancer and Blood Disorders"
http://dx.doi.org/10.13039/501100002748,"British Columbia Institute of Technology"
http://dx.doi.org/10.13039/501100000043,"Foreign Affairs and International Trade Canada"
http://dx.doi.org/10.13039/501100003445,"Graymont"
http://dx.doi.org/10.13039/501100008638,"Environment and Climate Change Canada"
http://dx.doi.org/10.13039/100012942,"Universities Canada"
http://dx.doi.org/10.13039/100011245,"Wild Sheep Society of British Columbia"
http://dx.doi.org/10.13039/100010613,"Manitoba Beekeepers' Association"
http://dx.doi.org/10.13039/100011795,"Brandon University"
http://dx.doi.org/10.13039/501100007629,"Korle-Bu Neuroscience Foundation"
http://dx.doi.org/10.13039/501100000015,"Canadian Cancer Society Research Institute"
http://dx.doi.org/10.13039/100009019,"Micralyne"
http://dx.doi.org/10.13039/100013546,"Federation for the Humanities and Social Sciences"
http://dx.doi.org/10.13039/501100000228,"New Brunswick Arts Board"
http://dx.doi.org/10.13039/501100004390,"Ottawa Hospital"
http://dx.doi.org/10.13039/501100004905,"Frontiers Foundation"
http://dx.doi.org/10.13039/100014086,"Law Foundation of British Columbia"
http://dx.doi.org/10.13039/100013503,"Canadian Society for Molecular Biosciences"
http://dx.doi.org/10.13039/501100008002,"Vancouver Coastal Health Research Institute"
http://dx.doi.org/10.13039/501100000078,"Centre for Studies in Religion and Society, University of Victoria"
http://dx.doi.org/10.13039/100012436,"Rick Hansen Foundation"
http://dx.doi.org/10.13039/100010711,"Ontario Fruit and Vegetable Growers' Association"
http://dx.doi.org/10.13039/501100000121,"Ontario Council on Graduate Studies, Council of Ontario Universities"
http://dx.doi.org/10.13039/100011991,"National Search and Rescue Secretariat"
http://dx.doi.org/10.13039/100013219,"Environment and Natural Resources"
http://dx.doi.org/10.13039/100013958,"Canadian Association of Petroleum Producers"
http://dx.doi.org/10.13039/100011391,"Canadian Geriatrics Society"
http://dx.doi.org/10.13039/501100004953,"Atomic Energy of Canada Limited"
http://dx.doi.org/10.13039/100010622,"Fondation des Maladies de l'Oeil"
http://dx.doi.org/10.13039/501100000110,"Ontario Centre of Excellence for Child and Youth Mental Health"
http://dx.doi.org/10.13039/100012969,"Vancouver Island University"
http://dx.doi.org/10.13039/501100006661,"Agri-Futures Nova Scotia Association"
http://dx.doi.org/10.13039/100013183,"Swine Innovation Porc"
http://dx.doi.org/10.13039/501100000035,"Institute of Nutrition, Metabolism and Diabetes"
http://dx.doi.org/10.13039/501100000047,"Aboriginal Affairs and Northern Development Canada"
http://dx.doi.org/10.13039/501100003498,"Women's College Hospital"
http://dx.doi.org/10.13039/501100002914,"Concordia University"
http://dx.doi.org/10.13039/501100000021,"The Elizabeth Greenshields Foundation"
http://dx.doi.org/10.13039/100008874,"Canadian Foundation for Healthcare Improvement"
http://dx.doi.org/10.13039/100008914,"Ontario Brain Institute"
http://dx.doi.org/10.13039/501100000050,"Ontario Problem Gambling Research Centre"
http://dx.doi.org/10.13039/100008986,"University of Guelph"
http://dx.doi.org/10.13039/100012618,"Armand-Frappier Foundation"
http://dx.doi.org/10.13039/100014404,"Arnold and Anita Silber Family Foundation"
http://dx.doi.org/10.13039/501100006126,"Hospital for Sick Children"
http://dx.doi.org/10.13039/100012396,"Royal University Hospital Foundation"
http://dx.doi.org/10.13039/501100000074,"Canadian Wildlife Federation"
http://dx.doi.org/10.13039/501100000149,"Canadian Association of Gastroenterology"
http://dx.doi.org/10.13039/100012118,"Ontario Institute for Cancer Research"
http://dx.doi.org/10.13039/501100004524,"Ministère de l'Enseignement Supérieur, de la Recherche, de la Science et de la Technologie"
http://dx.doi.org/10.13039/100011081,"Canadian Rheumatology Association"
http://dx.doi.org/10.13039/501100002654,"Canadian Tobacco Control Research Initiative"
http://dx.doi.org/10.13039/100013683,"C17 Council"
http://dx.doi.org/10.13039/501100008097,"Department of Family and Community Medicine, University of Toronto"
http://dx.doi.org/10.13039/100008468,"Canadian Urological Association"
http://dx.doi.org/10.13039/501100013569,"Ontario Ministry of Economic Development, Job Creation and Trade"
http://dx.doi.org/10.13039/100008418,"Barrick Gold Corporation"
http://dx.doi.org/10.13039/501100002759,"Ministry of Education, British Columbia"
http://dx.doi.org/10.13039/100013022,"Canadian Health Libraries Association"
http://dx.doi.org/10.13039/501100000075,"Engineers Canada"
http://dx.doi.org/10.13039/100011873,"Multiple Sclerosis Scientific Research Foundation"
http://dx.doi.org/10.13039/100014415,"Alberta Motor Association Foundation for Traffic Safety"
http://dx.doi.org/10.13039/501100000042,"Status of Women Canada"
http://dx.doi.org/10.13039/100009004,"Manitoba Rural Adaptation Council"
http://dx.doi.org/10.13039/501100000079,"Chartered Professional Accountants of Canada"
http://dx.doi.org/10.13039/501100000069,"Canadian Occupational Therapy Foundation"
http://dx.doi.org/10.13039/501100000151,"Canadian Federation of University Women"
http://dx.doi.org/10.13039/100012856,"Alberta Children's Hospital Research Institute"
http://dx.doi.org/10.13039/501100000073,"Canadian Society of Petroleum Geologists"
http://dx.doi.org/10.13039/100008022,"Fondation Daniel Langlois pour l'Art, la Science et la Technologie"
http://dx.doi.org/10.13039/100013959,"fRI Research"
http://dx.doi.org/10.13039/100013801,"Canadian Pulmonary Fibrosis Foundation"
http://dx.doi.org/10.13039/100012994,"Polytechnique Montréal"
http://dx.doi.org/10.13039/100013216,"Imperial Oil Limited"
http://dx.doi.org/10.13039/100014730,"CHEO Research Institute"
http://dx.doi.org/10.13039/501100004734,"Jewish General Hospital"
http://dx.doi.org/10.13039/100011227,"BCCDC Foundation for Public Health"
http://dx.doi.org/10.13039/100009370,"Western Grains Research Foundation"
http://dx.doi.org/10.13039/100013797,"Lupus Canada"
http://dx.doi.org/10.13039/501100000199,"Associated Medical Services"
http://dx.doi.org/10.13039/100008630,"Children's Health Research Institute"
http://dx.doi.org/10.13039/100013501,"CNIB"
http://dx.doi.org/10.13039/501100003839,"iCo-Therapeutics"
http://dx.doi.org/10.13039/501100002795,"CANDU Owners Group"
http://dx.doi.org/10.13039/501100000236,"Ontario Trillium Foundation"
http://dx.doi.org/10.13039/100011166,"Canadian Educational Researchers’ Association"
http://dx.doi.org/10.13039/100007670,"Dalhousie Medical Research Foundation"
http://dx.doi.org/10.13039/100012501,"Fondation De La Rétine Du Canada"
http://dx.doi.org/10.13039/100008580,"University of Regina"
http://dx.doi.org/10.13039/501100013231,"Kids With Cancer Society"
http://dx.doi.org/10.13039/100013899,"M.S.I. Foundation"
http://dx.doi.org/10.13039/501100000071,"Canadian Seed Growers' Association"
http://dx.doi.org/10.13039/100011346,"Pacific Institute for Climate Solutions"
http://dx.doi.org/10.13039/100009408,"Fondation Brain Canada"
http://dx.doi.org/10.13039/501100005785,"Faculty of Medicine, Dalhousie University"
http://dx.doi.org/10.13039/100012170,"Joseph and Silvana Melara Cancer Research Fund"
http://dx.doi.org/10.13039/501100010661,"Southeastern Ontario Academic Medical Organization"
http://dx.doi.org/10.13039/100013458,"Arthritis Health Professions Association"
http://dx.doi.org/10.13039/100012263,"TD Friends of the Environment Foundation"
http://dx.doi.org/10.13039/100008998,"Centre for Asia-Pacific Initiatives"
http://dx.doi.org/10.13039/100009672,"Child and Family Research Institute"
http://dx.doi.org/10.13039/100012171,"Ontario Research Foundation"
http://dx.doi.org/10.13039/501100004730,"University of Toronto Scarborough"
http://dx.doi.org/10.13039/501100005266,"Institute for Wetland and Waterfowl Research, Ducks Unlimited Canada"
http://dx.doi.org/10.13039/501100000066,"Canadian Child Health Clinician Scientist Program"
http://dx.doi.org/10.13039/100009446,"Alberta Science and Technology Leadership Foundation"
http://dx.doi.org/10.13039/501100000092,"Ontario Genomics Institute"
http://dx.doi.org/10.13039/100009017,"ALS Society of Canada"
http://dx.doi.org/10.13039/100013054,"Campus Alberta Neuroscience"
http://dx.doi.org/10.13039/100010710,"Dairy Farmers of Canada"
http://dx.doi.org/10.13039/100011059,"International Society of Addiction Medicine"
http://dx.doi.org/10.13039/100012779,"Réseau Québécois de Recherche sur les Médicaments"
http://dx.doi.org/10.13039/100010619,"University of Ottawa Heart Institute Foundation"
http://dx.doi.org/10.13039/501100010665,"Alberta Land Institute, University of Alberta"
http://dx.doi.org/10.13039/100007585,"Alberta Water Research Institute"
http://dx.doi.org/10.13039/100008985,"Diabète Québec"
http://dx.doi.org/10.13039/501100004468,"Offshore Energy Research Association"
http://dx.doi.org/10.13039/100012978,"Huron University College"
http://dx.doi.org/10.13039/100008498,"Brandan’s Eye Research Foundation"
http://dx.doi.org/10.13039/100009031,"Oxford Frozen Foods"
http://dx.doi.org/10.13039/501100000100,"Toronto Arts Council"
http://dx.doi.org/10.13039/501100000024,"Canadian Institutes of Health Research"
http://dx.doi.org/10.13039/501100009415,"IWK Health Centre"
http://dx.doi.org/10.13039/501100000185,"Royal Canadian Geographical Society"
http://dx.doi.org/10.13039/100012967,"Kwantlen Polytechnic University"
http://dx.doi.org/10.13039/501100000033,"Institute of Musculoskeletal Health and Arthritis"
http://dx.doi.org/10.13039/100008251,"Health Sciences Centre Research Foundation"
http://dx.doi.org/10.13039/501100003505,"Canadian Council on Learning"
http://dx.doi.org/10.13039/501100003949,"Fondation du Barreau du Québec"
http://dx.doi.org/10.13039/501100000234,"Ontario Arts Council"
http://dx.doi.org/10.13039/100012531,"Wilfrid Laurier University"
http://dx.doi.org/10.13039/100013197,"Canada's Michael Smith Genome Sciences Centre"
http://dx.doi.org/10.13039/100009016,"Alberta Agricultural Research Institute"
http://dx.doi.org/10.13039/100014405,"Centre for Addiction and Mental Health Foundation"
http://dx.doi.org/10.13039/100011308,"Canadian Association of Pathologists"
http://dx.doi.org/10.13039/501100010680,"Rangeland Research Institute, University of Alberta"
http://dx.doi.org/10.13039/100012943,"Institut national de la recherche scientifique"
http://dx.doi.org/10.13039/501100000196,"Canada Foundation for Innovation"
http://dx.doi.org/10.13039/501100000521,"Canadian Cancer Society"
http://dx.doi.org/10.13039/100009989,"Nova Scotia Research Innovation Trust"
http://dx.doi.org/10.13039/501100000083,"Humanities Research Group, University of Windsor"
http://dx.doi.org/10.13039/100009225,"Human Resources Research Institute"
http://dx.doi.org/10.13039/100013551,"Fondation du Barreau du Quebec"
http://dx.doi.org/10.13039/501100004258,"Regional Medical Associates of Hamilton"
http://dx.doi.org/10.13039/501100005019,"Beef Cattle Research Council"
http://dx.doi.org/10.13039/100007720,"Bone and Joint Canada"
http://dx.doi.org/10.13039/100013200,"Government of Alberta"
http://dx.doi.org/10.13039/501100000154,"Centre for Jewish Studies, University of Toronto"
http://dx.doi.org/10.13039/100014501,"David Suzuki Foundation"
http://dx.doi.org/10.13039/501100007201,"Faculty of Graduate Studies and Research, University of Alberta"
http://dx.doi.org/10.13039/100013713,"Saskatchewan Forage Network"
http://dx.doi.org/10.13039/100007645,"Cree Board of Health and Social Services of James Bay"
http://dx.doi.org/10.13039/100011858,"Concordia University of Edmonton"
http://dx.doi.org/10.13039/100008360,"Hamilton Health Sciences"
http://dx.doi.org/10.13039/100007584,"Alberta Ingenuity Centre for Water Research"
http://dx.doi.org/10.13039/501100003753,"MacEwan University"
http://dx.doi.org/10.13039/501100000194,"Nova Scotia Health Research Foundation"
http://dx.doi.org/10.13039/501100000085,"Ontario HIV Treatment Network"
http://dx.doi.org/10.13039/100012770,"Pratt and Whitney Canada"
http://dx.doi.org/10.13039/100012669,"Canadian Institute of Steel Construction"
http://dx.doi.org/10.13039/100012750,"Eastern Health"
http://dx.doi.org/10.13039/100012267,"Gairdner Foundation"
http://dx.doi.org/10.13039/100012013,"Réseau de Recherche en Santé Buccodentaire et Osseuse"
http://dx.doi.org/10.13039/100013123,"Fondation de la recherche en santé du Nouveau-Brunswick"
http://dx.doi.org/10.13039/100012293,"Institute for Catastrophic Loss Reduction"
http://dx.doi.org/10.13039/100010713,"Suncor Energy Incorporated"
http://dx.doi.org/10.13039/100009733,"Society for Visual Anthropology"
http://dx.doi.org/10.13039/100012773,"Fondation J. Armand Bombardier"
http://dx.doi.org/10.13039/501100003253,"Manitoba Labour and Immigration"
http://dx.doi.org/10.13039/100014446,"Tula Foundation"
http://dx.doi.org/10.13039/100008740,"University of Lethbridge"
http://dx.doi.org/10.13039/100008768,"Administrative Sciences Association of Canada"
http://dx.doi.org/10.13039/100012965,"Mount Royal University"
http://dx.doi.org/10.13039/100012419,"TRIUMF"
http://dx.doi.org/10.13039/501100000223,"Muscular Dystrophy Canada"
http://dx.doi.org/10.13039/501100000165,"Sick Kids Foundation"
http://dx.doi.org/10.13039/100010652,"Holland Bloorview Kids Rehabilitation Hospital Foundation"
http://dx.doi.org/10.13039/100012976,"Saint Mary’s University"
http://dx.doi.org/10.13039/501100004203,"Ontario Institute for Cancer Research"
http://dx.doi.org/10.13039/100013498,"Canada-Israel Industrial Research and Development Foundation"
http://dx.doi.org/10.13039/100012498,"Alzheimer Society Research Program"
http://dx.doi.org/10.13039/501100005246,"Centre for Integrated Computer Systems Research"
http://dx.doi.org/10.13039/501100000045,"Western Economic Diversification Canada"
http://dx.doi.org/10.13039/501100009192,"Alberta Innovates"
http://dx.doi.org/10.13039/100010318,"University of Manitoba"
http://dx.doi.org/10.13039/100011480,"CMG Reservoir Simulation Foundation"
http://dx.doi.org/10.13039/100012512,"Canadian Association of Emergency Physicians"
http://dx.doi.org/10.13039/501100000205,"Nova Scotia Department of Communities, Culture and Heritage"
http://dx.doi.org/10.13039/100005898,"Canada-California Strategic Innovation Partnership"
http://dx.doi.org/10.13039/501100002792,"Canadian Association of Optometrists"
http://dx.doi.org/10.13039/100008089,"Health Care Foundation"
http://dx.doi.org/10.13039/100008755,"Association des Médecins Vétérinaires du Québec en Pratique des Petits Animaux"
http://dx.doi.org/10.13039/501100000142,"Arthritis Society"
http://dx.doi.org/10.13039/100014098,"DNA Genotek"
http://dx.doi.org/10.13039/100013190,"Sotrem-Maltech"
http://dx.doi.org/10.13039/501100013455,"Lady Davis Institute for Medical Research"
http://dx.doi.org/10.13039/501100000105,"York University"
http://dx.doi.org/10.13039/100012521,"Windsor Cancer Centre Foundation"
http://dx.doi.org/10.13039/100011332,"Innovation, Science and Economic Development Canada"
http://dx.doi.org/10.13039/501100005241,"Institut de Recherche Clinique De Montréal"
http://dx.doi.org/10.13039/100013199,"Ministry of Economic Development and Trade, Government of Alberta"
http://dx.doi.org/10.13039/100009447,"Leukemia and Lymphoma Society of Canada"
http://dx.doi.org/10.13039/501100010786,"Genome Atlantic"
http://dx.doi.org/10.13039/100011792,"University Canada West"
http://dx.doi.org/10.13039/100008420,"Enerkem"
http://dx.doi.org/10.13039/501100002655,"Terry Fox Foundation"
http://dx.doi.org/10.13039/501100000106,"Saskatchewan Health Research Foundation"
http://dx.doi.org/10.13039/100011793,"Trinity Western University"
http://dx.doi.org/10.13039/501100005156,"Brock University"
http://dx.doi.org/10.13039/501100003400,"Ontario Ministry of Research, Innovation and Science"
http://dx.doi.org/10.13039/100012115,"Canadian Language and Literacy Research Network"
http://dx.doi.org/10.13039/501100002747,"Ministry of Forests, Lands and Natural Resource Operations"
http://dx.doi.org/10.13039/501100007202,"CIHR Skin Research Training Centre"
http://dx.doi.org/10.13039/501100000147,"Canadian Cancer Society"
http://dx.doi.org/10.13039/100012466,"Mathison Centre for Mental Health Research and Education"
http://dx.doi.org/10.13039/501100002330,"Nova Scotia Department of Health and Wellness"
http://dx.doi.org/10.13039/100012113,"Canadian Tobacco Control Research Initiative"
http://dx.doi.org/10.13039/100013500,"Canadian Cardiovascular Society"
http://dx.doi.org/10.13039/100011320,"Nunavut Wildlife Research Trust"
http://dx.doi.org/10.13039/100012161,"Faculty of Medicine, University of British Columbia"
http://dx.doi.org/10.13039/100009454,"Down Syndrome Research Foundation"
http://dx.doi.org/10.13039/501100004667,"Employment and Social Development Canada"
http://dx.doi.org/10.13039/501100000031,"Institute of Human Development, Child and Youth Health"
http://dx.doi.org/10.13039/501100005244,"Department of Environment and Conservation, Government of Newfoundland and Labrador"
http://dx.doi.org/10.13039/501100003579,"University of Toronto"
http://dx.doi.org/10.13039/100010372,"Doctors of BC"
http://dx.doi.org/10.13039/100014531,"C-CORE"
http://dx.doi.org/10.13039/501100004525,"Ministry of Advanced Education"
http://dx.doi.org/10.13039/501100005277,"School of Nursing, University of British Columbia"
http://dx.doi.org/10.13039/100008754,"Académie de Médecine Vétérinaire du Québec"
http://dx.doi.org/10.13039/100012858,"Children’s Hospital Foundation of Manitoba"
http://dx.doi.org/10.13039/100012469,"O'Brien Institute for Public Health, University of Calgary"
http://dx.doi.org/10.13039/501100000022,"Institute for Work and Health"
http://dx.doi.org/10.13039/501100000153,"Canadian Psychiatric Research Foundation"
http://dx.doi.org/10.13039/501100002827,"Centre for Management of Technology and Entrepreneurship, University of Toronto"
http://dx.doi.org/10.13039/501100005267,"Fiducie de Recherche sur la Foret des Cantons-de-l'Est"
http://dx.doi.org/10.13039/100010624,"Climate Change and Emissions Management Corporation"
http://dx.doi.org/10.13039/501100005303,"Allard Foundation"
http://dx.doi.org/10.13039/501100004828,"Grand Challenges Canada"
http://dx.doi.org/10.13039/100009029,"Geomembrane Technologies"
http://dx.doi.org/10.13039/501100005263,"Ministry of Innovation and Advanced Education"
http://dx.doi.org/10.13039/501100002787,"Canadian Armed Forces"
http://dx.doi.org/10.13039/100012447,"Canadian Spine Society"
http://dx.doi.org/10.13039/100002221,"McLean Foundation"
http://dx.doi.org/10.13039/501100002789,"Canadian Meteorological and Oceanographic Society"
http://dx.doi.org/10.13039/100013863,"Canadian Tax Foundation"
http://dx.doi.org/10.13039/501100004882,"Agricultural Adaptation Council"
http://dx.doi.org/10.13039/501100000161,"Networks of Centres of Excellence of Canada"
http://dx.doi.org/10.13039/501100000102,"Ukrainian Canadian Foundation of Taras Shevchenko"
http://dx.doi.org/10.13039/100013062,"Génome Québec"
http://dx.doi.org/10.13039/501100012089,"Centre for Bio-composite and Biomaterial Processing"
http://dx.doi.org/10.13039/100014504,"John Dobson Foundation"
http://dx.doi.org/10.13039/501100004415,"Vitamin D Society"
http://dx.doi.org/10.13039/501100000103,"Wirth Institute for Austrian and Central European Studies, University of Alberta"
http://dx.doi.org/10.13039/100013373,"Alberta Machine Intelligence Institute"
http://dx.doi.org/10.13039/501100000237,"British Columbia Arts Council"
http://dx.doi.org/10.13039/501100005996,"Ministère de l'Énergie et des Ressources Naturelles"
http://dx.doi.org/10.13039/501100003147,"Fonds pour la Formation de Chercheurs et l'Aide à la Recherche"
http://dx.doi.org/10.13039/100011794,"University of the Fraser Valley"
http://dx.doi.org/10.13039/100007867,"Université Laval"
http://dx.doi.org/10.13039/100010540,"Ballard Power Systems"
http://dx.doi.org/10.13039/501100004089,"Krembil Foundation"
http://dx.doi.org/10.13039/501100013380,"Global Water Futures"
http://dx.doi.org/10.13039/100012281,"Association of Canadian Universities for Northern Studies"
http://dx.doi.org/10.13039/501100003184,"Fraser Institute"
http://dx.doi.org/10.13039/100012853,"Environment and Natural Resources, Northwest Territories"
http://dx.doi.org/10.13039/100009336,"Lambton College"
http://dx.doi.org/10.13039/100011025,"Canadian Society of Zoologists"
http://dx.doi.org/10.13039/100013897,"Law Foundation of Saskatchewan"
http://dx.doi.org/10.13039/100012162,"John and Melinda Thompson Endowment Fund in Vision Neurosciences"
http://dx.doi.org/10.13039/100012707,"BC Oil and Gas Research and Innovation Society"
http://dx.doi.org/10.13039/501100000038,"Natural Sciences and Engineering Research Council of Canada"
http://dx.doi.org/10.13039/100013859,"Central Okanagan Foundation"
http://dx.doi.org/10.13039/100009271,"Canadian Nurses Foundation"
http://dx.doi.org/10.13039/100012479,"Weston Brain Institute"
http://dx.doi.org/10.13039/100010578,"Babes in Arms"
http://dx.doi.org/10.13039/100010658,"St. Paul's Foundation"
http://dx.doi.org/10.13039/100013803,"Canadian Academy of Sport and Exercise Medicine"
http://dx.doi.org/10.13039/100012395,"Royal Bank of Canada"
http://dx.doi.org/10.13039/100011094,"Public Health Agency of Canada"
http://dx.doi.org/10.13039/100011100,"Ministère du Développement Économique, de l’Innovation et de l’Exportation"
http://dx.doi.org/10.13039/501100003288,"Bell Canada Enterprises"
http://dx.doi.org/10.13039/501100005309,"Alzheimer Society of B.C."
http://dx.doi.org/10.13039/100011936,"Department of Anthropology, McMaster University"
http://dx.doi.org/10.13039/100010545,"Global Institute for Water Security, University of Saskatchewan"
http://dx.doi.org/10.13039/501100000018,"The College of Family Physicians of Canada"
http://dx.doi.org/10.13039/501100000089,"Medical Council of Canada"
http://dx.doi.org/10.13039/100012866,"Cumming School of Medicine, University of Calgary"
http://dx.doi.org/10.13039/501100002793,"Canadian Water Network"
http://dx.doi.org/10.13039/100007902,"Max Bell Foundation"
http://dx.doi.org/10.13039/501100003267,"Ontario Ministry of Community and Social Services"
http://dx.doi.org/10.13039/501100006151,"Department of Medical Biophysics, University of Toronto"
http://dx.doi.org/10.13039/501100000164,"Petroleum Research Newfoundland & Labrador"
http://dx.doi.org/10.13039/100013329,"National Sanitarium Association"
http://dx.doi.org/10.13039/501100000093,"March of Dimes Canada"
http://dx.doi.org/10.13039/100013184,"United Way of the Lower Mainland"
http://dx.doi.org/10.13039/100008795,"Manitoba Medical Services Foundation"
http://dx.doi.org/10.13039/100011292,"Society of Toxicology of Canada"
http://dx.doi.org/10.13039/501100000004,"Asia Pacific Foundation of Canada"
http://dx.doi.org/10.13039/100008386,"Dunlap Institute for Astronomy and Astrophysics, University of Toronto"
http://dx.doi.org/10.13039/501100000264,"Canadian Liver Foundation"
http://dx.doi.org/10.13039/100012273,"Lotte and John Hecht Memorial Foundation"
http://dx.doi.org/10.13039/100009036,"Canadian Institute for Theoretical Astrophysics"
http://dx.doi.org/10.13039/100010606,"BioFuelNet Canada"
http://dx.doi.org/10.13039/100008385,"Ministère de l'Éducation, du Loisir et du Sport Québec"
http://dx.doi.org/10.13039/501100002715,"Alberta Livestock and Meat Agency"
http://dx.doi.org/10.13039/100012120,"Ontario Mental Health Foundation"
http://dx.doi.org/10.13039/100011047,"AGE-WELL"
http://dx.doi.org/10.13039/100014612,"Parks Canada"
http://dx.doi.org/10.13039/100008895,"Centre de Recherche et d’Expertise en Gérontologie Sociale"
http://dx.doi.org/10.13039/100014075,"Canadian Institute for Information and Privacy Studies"
http://dx.doi.org/10.13039/100013509,"Centre de Recherches Mathématiques"
http://dx.doi.org/10.13039/100010875,"Amgen Canada"
http://dx.doi.org/10.13039/100013773,"Operating Room Nurses Association of Canada"
http://dx.doi.org/10.13039/100008762,"Genome Canada"
http://dx.doi.org/10.13039/100010571,"Réseau en Bio-Imagerie du Quebec"
http://dx.doi.org/10.13039/100011933,"Department of Surgery, University of Manitoba"
http://dx.doi.org/10.13039/100009837,"Canadian Food Inspection Agency"
http://dx.doi.org/10.13039/501100003321,"Queen's University"
http://dx.doi.org/10.13039/100010584,"CTS Forex"
http://dx.doi.org/10.13039/100014554,"Janssen Canada"
http://dx.doi.org/10.13039/100012589,"Fondation Institut Universitaire de Cardiologie et de Pneumologie de Québec"
http://dx.doi.org/10.13039/501100003251,"Society for Emotionally Disturbed Children"
http://dx.doi.org/10.13039/501100000191,"Kidney Foundation of Canada"
http://dx.doi.org/10.13039/100013698,"Society of Economic Geologists Canada Foundation"
http://dx.doi.org/10.13039/100013036,"Arts Research Board, McMaster University"
http://dx.doi.org/10.13039/100013198,"Banff Centre for Arts and Creativity"
http://dx.doi.org/10.13039/100012381,"Royal Alexandra Hospital Foundation"
http://dx.doi.org/10.13039/100013150,"Michael and Karyn Goldstein Cancer Research Fund"
http://dx.doi.org/10.13039/501100000032,"Institute of Infection and Immunity"
http://dx.doi.org/10.13039/501100002813,"Centre for Energy Advancement through Technological Innovation"
http://dx.doi.org/10.13039/100014615,"Transport Canada"
http://dx.doi.org/10.13039/501100005615,"Ministry of Technology, Innovation and Citizens' Services"
http://dx.doi.org/10.13039/100014502,"Eldee Foundation"
http://dx.doi.org/10.13039/100013710,"Innovative Medicines Canada"
http://dx.doi.org/10.13039/501100010660,"Ontario Regional Blood Coordinating Network"
http://dx.doi.org/10.13039/501100003206,"Alberta Children's Hospital Foundation"
http://dx.doi.org/10.13039/501100000239,"Muttart Foundation"
http://dx.doi.org/10.13039/501100000041,"Fisheries and Oceans Canada"
http://dx.doi.org/10.13039/100014608,"St. Michael’s Hospital Foundation"
http://dx.doi.org/10.13039/100008653,"Canadian Society for Vascular Surgery"
http://dx.doi.org/10.13039/501100004098,"Fondation de l’Université du Québec en Abitibi-Témiscamingue"
http://dx.doi.org/10.13039/100009881,"Juvenile Diabetes Research Foundation Canada"
http://dx.doi.org/10.13039/501100003474,"Faculty of Dentistry, University of Toronto"
http://dx.doi.org/10.13039/100013249,"Institut des Sciences Mathématiques, Université du Québec à Montréal"
http://dx.doi.org/10.13039/501100006277,"Ministère des Ressources Naturelles et de la Faune"
http://dx.doi.org/10.13039/501100000046,"National Research Council Canada"
http://dx.doi.org/10.13039/100007475,"Canadian Dermatology Foundation"
http://dx.doi.org/10.13039/100011785,"University of Sudbury"
http://dx.doi.org/10.13039/100009849,"Université du Québec à Chicoutimi"
http://dx.doi.org/10.13039/100008793,"Manitoba Health Research Council"
http://dx.doi.org/10.13039/100011226,"BIOCAP Canada"
http://dx.doi.org/10.13039/100014429,"Children's Hosptial of Eastern Ontario Foundation"
http://dx.doi.org/10.13039/100009222,"Centre for Interdisciplinary Research in Music Media and Technology"
http://dx.doi.org/10.13039/100012157,"Canadian Foundation on Fetal Alcohol Research"
http://dx.doi.org/10.13039/501100000095,"Savoy Foundation"
http://dx.doi.org/10.13039/100012404,"Marine Environmental Observation Prediction and Response Network"
http://dx.doi.org/10.13039/100012259,"Alberta Ecotrust Foundation"
http://dx.doi.org/10.13039/100008071,"Glaucoma Research Society of Canada"
http://dx.doi.org/10.13039/100012114,"Defence Research and Development Canada"
http://dx.doi.org/10.13039/501100005614,"BC Cancer Agency"
http://dx.doi.org/10.13039/100008751,"Canadian Friends of Tel Aviv University"
http://dx.doi.org/10.13039/501100009195,"Department of Medicine, Ottawa Hospital"
http://dx.doi.org/10.13039/100008229,"Athabasca University"
http://dx.doi.org/10.13039/100011790,"Keyano College"
http://dx.doi.org/10.13039/100013367,"Fondation Jean-Louis Lévesque"
http://dx.doi.org/10.13039/100007644,"Canadian Swine Health Board"
http://dx.doi.org/10.13039/501100008421,"Canadian Institute for Telecommunications Research"
http://dx.doi.org/10.13039/501100000081,"Danone Institute of Canada"
http://dx.doi.org/10.13039/100009519,"Ottawa Hospital Research Institute"
http://dx.doi.org/10.13039/100013528,"Diabetes Canada"
http://dx.doi.org/10.13039/501100000014,"Canadian Blood Services"
http://dx.doi.org/10.13039/100011805,"Cardiome Pharma Corp."
http://dx.doi.org/10.13039/100007671,"Fondation du CHUM"
http://dx.doi.org/10.13039/100008095,"Carleton University"
http://dx.doi.org/10.13039/501100004633,"Mount Allison University"
http://dx.doi.org/10.13039/100012691,"Fondation de l’Ordre des dentistes du Québec"
http://dx.doi.org/10.13039/100009836,"Huntington Society of Canada"
http://dx.doi.org/10.13039/501100004394,"Tembec"
http://dx.doi.org/10.13039/100008265,"Ministry of Jobs, Tourism and Skills Training"
http://dx.doi.org/10.13039/501100003322,"Analytical Services Unit, Queen's University"
http://dx.doi.org/10.13039/501100005242,"Université de Montréal"
http://dx.doi.org/10.13039/100010601,"Pultrall"
http://dx.doi.org/10.13039/100010524,"Campbell Family Mental Health Research Institute"
http://dx.doi.org/10.13039/501100003102,"Industry Canada"
http://dx.doi.org/10.13039/501100000152,"Canadian Hemophilia Society"
http://dx.doi.org/10.13039/100008084,"Alberta Crop Industry Development Fund"
http://dx.doi.org/10.13039/100012859,"Department of Fisheries and Aquaculture, Government of Newfoundland and Labrador"
http://dx.doi.org/10.13039/100009452,"Université du Québec à Montréal"
http://dx.doi.org/10.13039/100014520,"Aplastic Anemia and Myelodysplasia Association of Canada"
http://dx.doi.org/10.13039/501100004417,"Virtual Materials Group"
http://dx.doi.org/10.13039/501100000101,"Pierre Elliott Trudeau Foundation"
http://dx.doi.org/10.13039/100008950,"NOVA Chemicals"
http://dx.doi.org/10.13039/100014468,"Mallinckrodt Pharmaceuticals"
http://dx.doi.org/10.13039/100014507,"Molson Foundation"
http://dx.doi.org/10.13039/100010431,"Lupina Foundation"
http://dx.doi.org/10.13039/100013854,"Alva Foundation"
http://dx.doi.org/10.13039/100011859,"Algoma University"
http://dx.doi.org/10.13039/100011222,"Dairy Farmers of Nova Scotia"
http://dx.doi.org/10.13039/100010888,"Emovi"
http://dx.doi.org/10.13039/100011798,"University of King’s College"
http://dx.doi.org/10.13039/100008207,"AstraZeneca Canada"
http://dx.doi.org/10.13039/100013021,"Canadian Association of Research Libraries"
http://dx.doi.org/10.13039/100012777,"Institut du savoir Montfort-Recherche"
http://dx.doi.org/10.13039/100012165,"Alberta Environment and Parks"
http://dx.doi.org/10.13039/100008988,"University of Ontario Institute of Technology"
http://dx.doi.org/10.13039/100008535,"Calgary Laboratory Services"
http://dx.doi.org/10.13039/100011241,"Watershed Watch Salmon Society"
http://dx.doi.org/10.13039/501100007705,"Robarts Research Institute"
http://dx.doi.org/10.13039/100010090,"Women and Children's Health Research Institute"
http://dx.doi.org/10.13039/501100000227,"Saskatchewan Arts Board"
http://dx.doi.org/10.13039/100010412,"Global Risk Institute in Financial Services"
http://dx.doi.org/10.13039/501100000109,"Prostate Cancer Canada"
http://dx.doi.org/10.13039/100010564,"Academic Medical Organization of Southwestern Ontario"
http://dx.doi.org/10.13039/100008266,"Ministry of Jobs Tourism and Innovation"
http://dx.doi.org/10.13039/501100002785,"Canadian Animal Health Institute"
http://dx.doi.org/10.13039/501100003053,"Alberta Health"
http://dx.doi.org/10.13039/100012971,"Université de Saint-Boniface"
http://dx.doi.org/10.13039/501100000017,"Canadian Heritage"
http://dx.doi.org/10.13039/501100003746,"Ontario Division, Canadian Mental Health Association"
http://dx.doi.org/10.13039/100011284,"Valeant Pharmaceuticals International"
http://dx.doi.org/10.13039/100014509,"Winnipeg Foundation"
http://dx.doi.org/10.13039/501100000008,"Health Canada"
http://dx.doi.org/10.13039/501100005109,"Registered Nurses’ Foundation of Ontario"
http://dx.doi.org/10.13039/100014614,"Royal Ontario Museum"
http://dx.doi.org/10.13039/501100000221,"Canadian Lung Association"
http://dx.doi.org/10.13039/501100002722,"AllerGen"
http://dx.doi.org/10.13039/501100010779,"Centre hospitalier universitaire Sainte-Justine"
http://dx.doi.org/10.13039/100012854,"Children's Hospital Research Institute of Manitoba"
http://dx.doi.org/10.13039/100013486,"Bird Studies Canada"
http://dx.doi.org/10.13039/100012665,"Institute for Clinical Evaluative Sciences"
http://dx.doi.org/10.13039/501100000242,"Richard Ivey Foundation"
http://dx.doi.org/10.13039/100011217,"Societé Canadienne de Biologie Végétale"
http://dx.doi.org/10.13039/501100000182,"WorkSafeBC"
http://dx.doi.org/10.13039/501100000243,"W. Garfield Weston Foundation"
http://dx.doi.org/10.13039/100011020,"Children's Hospital Aid Society"
http://dx.doi.org/10.13039/501100010788,"Genome Prairie"
http://dx.doi.org/10.13039/501100000028,"Institute of Circulatory and Respiratory Health"
http://dx.doi.org/10.13039/501100002800,"CapitalCare Foundation"
http://dx.doi.org/10.13039/501100007921,"Anne Tanenbaum Centre for Jewish Studies, University of Toronto"
http://dx.doi.org/10.13039/501100000202,"Canadian Pain Society"
http://dx.doi.org/10.13039/501100000163,"Pediatric Oncology Group of Ontario"
http://dx.doi.org/10.13039/501100003150,"Fonds Québécois de la Recherche sur la Nature et les Technologies"
http://dx.doi.org/10.13039/501100000144,"Alberta Gambling Research Institute, University of Alberta"
http://dx.doi.org/10.13039/501100000011,"Canadian Association on Gerontology"
http://dx.doi.org/10.13039/501100002977,"Dalhousie University"
http://dx.doi.org/10.13039/100010990,"Association Canadienne de Pharmacie en Oncologie"
http://dx.doi.org/10.13039/501100002786,"Canadian Association of Thoracic Surgeons"
http://dx.doi.org/10.13039/100012727,"Institut universitaire de cardiologie et de pneumologie de Québec, Université Laval"
http://dx.doi.org/10.13039/501100002681,"Canadian Prostate Cancer Research Initiative"
http://dx.doi.org/10.13039/501100003179,"Alberta Heritage Foundation for Medical Research"
http://dx.doi.org/10.13039/100012369,"National Institute for Nanotechnology"
http://dx.doi.org/10.13039/100008922,"Saskatchewan Flax Development Commission"
http://dx.doi.org/10.13039/501100004959,"AUTO21 Network of Centres of Excellence"
http://dx.doi.org/10.13039/100009520,"Rick Hansen Institute"
http://dx.doi.org/10.13039/501100004926,"Canadian Medical Association"
http://dx.doi.org/10.13039/501100010785,"Canada First Research Excellence Fund"
http://dx.doi.org/10.13039/501100002823,"Centre de Recherche Fernand-Seguin, Hôpital Louis-H. Lafontaine"
http://dx.doi.org/10.13039/501100005202,"University of Prince Edward Island"
http://dx.doi.org/10.13039/501100007224,"Connaught Fund"
http://dx.doi.org/10.13039/100013218,"Gwich'in Renewable Resources Board"
http://dx.doi.org/10.13039/501100000183,"Workplace Health, Safety and Compensation Commission"
http://dx.doi.org/10.13039/100013341,"Westman Charitable Foundation"
http://dx.doi.org/10.13039/100010647,"Canadian Thoracic Society"
http://dx.doi.org/10.13039/100010405,"Landscape Alberta Nursery Trade Association"
http://dx.doi.org/10.13039/100012197,"Echo Foundation"
http://dx.doi.org/10.13039/501100000181,"Toronto Rehab, University of Toronto"
http://dx.doi.org/10.13039/501100006127,"Faculty of Health Sciences, Queen's University"
http://dx.doi.org/10.13039/501100009110,"Canadian Physiotherapy Association"
http://dx.doi.org/10.13039/501100007253,"Bedford Institute of Oceanography"
http://dx.doi.org/10.13039/501100008453,"Ontario Institute for Regenerative Medicine"
http://dx.doi.org/10.13039/100012409,"Faculty of Health Sciences, University of Ottawa"
http://dx.doi.org/10.13039/100010523,"Centre for Addiction and Mental Health"
http://dx.doi.org/10.13039/100014403,"Alberta College of Pharmacy"
http://dx.doi.org/10.13039/100010594,"Cameco"
http://dx.doi.org/10.13039/501100009227,"Department of Medicine, University of Toronto"
http://dx.doi.org/10.13039/100011009,"International Society of Oncology Pharmacy Practitioners"
http://dx.doi.org/10.13039/100013392,"Ministère de la Santé et des Services sociaux"
http://dx.doi.org/10.13039/501100013333,"Hypertension Canada"
http://dx.doi.org/10.13039/501100004073,"Killam Trusts"
http://dx.doi.org/10.13039/501100000197,"Atkinson Foundation"
http://dx.doi.org/10.13039/501100000150,"Canadian Breast Cancer Research Alliance"
http://dx.doi.org/10.13039/501100000204,"Vancouver Foundation"
http://dx.doi.org/10.13039/501100005243,"Institute for Biodiversity, Ecosystem Science, and Sustainability"
http://dx.doi.org/10.13039/100008252,"Health Sciences Centre Foundation"
http://dx.doi.org/10.13039/100012121,"Douglas-Coldwell Foundation"
http://dx.doi.org/10.13039/100008958,"Lawson Health Research Institute"
http://dx.doi.org/10.13039/100011244,"Canadian Hematology Society"
http://dx.doi.org/10.13039/100012174,"BC Epilepsy Society"
http://dx.doi.org/10.13039/100007481,"Canadian Anesthesia Research Foundation"
http://dx.doi.org/10.13039/100008481,"Association of Canadian Universities for Research in Astronomy"
http://dx.doi.org/10.13039/100013250,"Fondation Carl Herz"
http://dx.doi.org/10.13039/501100000025,"Institute of Aboriginal Peoples Health"
http://dx.doi.org/10.13039/100012993,"École nationale d'administration publique"
http://dx.doi.org/10.13039/501100000049,"Ontario Neurotrauma Foundation"
http://dx.doi.org/10.13039/501100002978,"College of Pharmacy, Dalhousie University"
http://dx.doi.org/10.13039/100009366,"Royal Roads University"
http://dx.doi.org/10.13039/501100003250,"Canadian Mental Health Association"
http://dx.doi.org/10.13039/100007526,"Bombardier"
http://dx.doi.org/10.13039/100013228,"Réseau québécois de recherche sur le vieillissement"
http://dx.doi.org/10.13039/100011786,"Ambrose University"
http://dx.doi.org/10.13039/100012659,"Canadian Centre for Applied Research in Cancer Control"
http://dx.doi.org/10.13039/100009395,"CancerCare Manitoba Foundation"
http://dx.doi.org/10.13039/501100000044,"Human Resources and Skills Development Canada"
http://dx.doi.org/10.13039/100010614,"Canadian Physiotherapy Association"
http://dx.doi.org/10.13039/501100002708,"Agence Universitaire de la Francophonie"
http://dx.doi.org/10.13039/100012973,"Université de Moncton"
http://dx.doi.org/10.13039/100008676,"CMC Microsystems"
http://dx.doi.org/10.13039/501100004726,"Ministry of Health"
http://dx.doi.org/10.13039/100013933,"CNIB Foundation"
http://dx.doi.org/10.13039/100012279,"Canadian Women's Foundation"
http://dx.doi.org/10.13039/100013739,"Pfizer Canada"
http://dx.doi.org/10.13039/100013764,"Ontario Society of Occupational Therapists"
http://dx.doi.org/10.13039/501100007663,"Manitoba Lung Association"
http://dx.doi.org/10.13039/100013210,"Saskatchewan Canola Development Commission"
http://dx.doi.org/10.13039/501100000187,"Faculty of Graduate Studies, University of British Columbia"
http://dx.doi.org/10.13039/100008512,"Canadian Light Source"
http://dx.doi.org/10.13039/501100000023,"Government of Canada"
http://dx.doi.org/10.13039/501100010787,"Genome Alberta"
http://dx.doi.org/10.13039/100013888,"Heart and Stroke Foundation of British Columbia and Yukon"
http://dx.doi.org/10.13039/100009453,"Alberta Emerald Foundation"
http://dx.doi.org/10.13039/100011156,"Fondation Muriel McQueen Fergusson"
http://dx.doi.org/10.13039/100002092,"Flemming Charitable Foundation"
http://dx.doi.org/10.13039/501100000097,"Society of Canadian Ornithologists"
http://dx.doi.org/10.13039/501100000240,"New Brunswick Innovation Foundation"
http://dx.doi.org/10.13039/100008957,"London Health Sciences Centre"
http://dx.doi.org/10.13039/100012785,"Yellowstone to Yukon Conservation Initiative"
http://dx.doi.org/10.13039/100011214,"Alberta Society of Professional Biologists"
http://dx.doi.org/10.13039/100011341,"College of Education, University of Saskatchewan"
http://dx.doi.org/10.13039/100011796,"Mount Saint Vincent University"
http://dx.doi.org/10.13039/100007631,"Canadian Institute for Advanced Research"
http://dx.doi.org/10.13039/100008675,"Centre for Interdisciplinary Research in Rehabilitation"
http://dx.doi.org/10.13039/501100003248,"Ontario Mental Health Foundation"
http://dx.doi.org/10.13039/100008772,"Cenovus Energy"
http://dx.doi.org/10.13039/100012456,"Toronto General and Western Hospital Foundation"
http://dx.doi.org/10.13039/501100002328,"Alberta Ingenuity"
http://dx.doi.org/10.13039/100009009,"Novartis Pharmaceuticals Canada"
http://dx.doi.org/10.13039/100008264,"Kingston General Hospital"
http://dx.doi.org/10.13039/100013690,"Ministère de l'Économie, de la Science et de l'Innovation - Québec"
http://dx.doi.org/10.13039/501100000029,"Institute of Gender and Health"
http://dx.doi.org/10.13039/100006934,"Bernard and Esther Besner Infant Research Fund"
http://dx.doi.org/10.13039/501100003264,"Canadian Institute for International Peace and Security"
http://dx.doi.org/10.13039/100009538,"Bishop's University"
http://dx.doi.org/10.13039/100009704,"Canadian Society of Pharmacology and Therapeutics"
http://dx.doi.org/10.13039/100013040,"Trigeminal Neuralgia Association of Canada"
http://dx.doi.org/10.13039/100008467,"Canadian Association of Radiation Oncology"
http://dx.doi.org/10.13039/501100004469,"Nova Scotia Department of Energy"
http://dx.doi.org/10.13039/501100002829,"Centre for Transportation Engineering and Planning"
http://dx.doi.org/10.13039/100008919,"Faculty of Dentistry, McGill University"
http://dx.doi.org/10.13039/501100007711,"British Columbia Knowledge Development Fund"
http://dx.doi.org/10.13039/100007831,"Capital Health"
http://dx.doi.org/10.13039/100013061,"Ontario Genomics"
http://dx.doi.org/10.13039/501100001765,"World Congress of Science and Factual Producers"
http://dx.doi.org/10.13039/501100000245,"Michael Smith Foundation for Health Research"
http://dx.doi.org/10.13039/501100000222,"Heart and Stroke Foundation of Canada"
http://dx.doi.org/10.13039/100009326,"Cancer Research Society"
http://dx.doi.org/10.13039/100012974,"Cape Breton University"
http://dx.doi.org/10.13039/100010534,"SCIEX"
http://dx.doi.org/10.13039/501100009056,"Canadian Glycomics Network"
http://dx.doi.org/10.13039/100007480,"Condor Petroleum"
http://dx.doi.org/10.13039/100008582,"McGill University"
http://dx.doi.org/10.13039/100010386,"Canadian Intensive Care Foundation"
http://dx.doi.org/10.13039/501100007910,"WorkplaceNL"
http://dx.doi.org/10.13039/100011820,"Canadian Healthcare Engineering Society"
http://dx.doi.org/10.13039/100008459,"University of Calgary"
http://dx.doi.org/10.13039/100011251,"Northern Ontario Academic Medicine Association"
http://dx.doi.org/10.13039/501100007662,"Alzheimer Society of Manitoba"
http://dx.doi.org/10.13039/501100002790,"Canadian Network for Research and Innovation in Machining Technology, Natural Sciences and Engineering Research Council of Canada"
http://dx.doi.org/10.13039/501100000108,"Physiotherapy Foundation of Canada"
http://dx.doi.org/10.13039/501100003284,"Canadian Psychological Association"
http://dx.doi.org/10.13039/100013020,"Compute Canada"
http://dx.doi.org/10.13039/100008997,"University of Victoria"
http://dx.doi.org/10.13039/501100002784,"Canada Excellence Research Chairs, Government of Canada"
http://dx.doi.org/10.13039/501100004889,"Fondation CHU de Québec"
http://dx.doi.org/10.13039/100012172,"Breast Cancer Society of Canada"
http://dx.doi.org/10.13039/100007668,"BCFRST Foundation"
http://dx.doi.org/10.13039/501100000067,"Canadian Institute of Ukranian Studies, University of Alberta"
http://dx.doi.org/10.13039/100014521,"Canadian Society for Clinical Investigation"
http://dx.doi.org/10.13039/100013209,"Saskatchewan Pulse Growers"
http://dx.doi.org/10.13039/100014506,"Macdonald Stewart Foundation"
http://dx.doi.org/10.13039/100013372,"Syngenta Canada"
http://dx.doi.org/10.13039/501100000009,"Canadian Asian Studies Association"
http://dx.doi.org/10.13039/100014503,"Jewish Community Foundation of Montreal"
http://dx.doi.org/10.13039/501100005613,"Atlantic Veterinary College"
http://dx.doi.org/10.13039/100011784,"Saint Paul University"
http://dx.doi.org/10.13039/100008726,"Abercrombie Foundation"
http://dx.doi.org/10.13039/100008645,"Centre for Research on Brain, Language and Music"
http://dx.doi.org/10.13039/100008920,"University of Saskatchewan"
http://dx.doi.org/10.13039/100012979,"Council of Ontario Universities"
http://dx.doi.org/10.13039/501100000019,"Crohn's and Colitis Foundation of Canada"
http://dx.doi.org/10.13039/501100004925,"Alberta Medical Association"
http://dx.doi.org/10.13039/501100000241,"Physicians' Services Incorporated Foundation"
http://dx.doi.org/10.13039/100012975,"NSCAD University"
http://dx.doi.org/10.13039/100013688,"Ministère de l'Économie, de l’Innovation et des Exportations du Québec"
http://dx.doi.org/10.13039/501100000068,"Canadian Library Association"
http://dx.doi.org/10.13039/501100000090,"Mountain Equipment Co-op"
http://dx.doi.org/10.13039/100013480,"Beef Farmers of Ontario"
http://dx.doi.org/10.13039/100008220,"Canadian Foundation for AIDS Research"
http://dx.doi.org/10.13039/100010656,"Canadian Celiac Association"
http://dx.doi.org/10.13039/100012778,"Ministry of Advanced Education and Skills Development"
http://dx.doi.org/10.13039/501100003331,"Provincial Health Services Authority"
http://dx.doi.org/10.13039/100011606,"Mach-Gaensslen Foundation of Canada"
http://dx.doi.org/10.13039/100013795,"Canadian Orthopaedic Foundation"
http://dx.doi.org/10.13039/501100001962,"World Anti-Doping Agency"
http://dx.doi.org/10.13039/100010081,"Fulbright Canada"
http://dx.doi.org/10.13039/501100002788,"Canadian Language and Literacy Research Network"
http://dx.doi.org/10.13039/100009142,"Cancer Care Ontario"
http://dx.doi.org/10.13039/501100006278,"Bureau de l’Efficacité et de l’Innovation Énergétiques"
http://dx.doi.org/10.13039/100009716,"Osteoporosis Canada"
http://dx.doi.org/10.13039/100007669,"Beatrice Hunter Cancer Research Institute"
http://dx.doi.org/10.13039/100010408,"Diagnostic Services Manitoba"
http://dx.doi.org/10.13039/100014090,"Workers Compensation Board of Manitoba"
http://dx.doi.org/10.13039/501100000080,"Chemical Institute of Canada"
http://dx.doi.org/10.13039/100013802,"Mental Health Research Canada"
http://dx.doi.org/10.13039/100008787,"Canadian Natural Resources Limited"
http://dx.doi.org/10.13039/100008511,"Canadian Institute of Mining, Metallurgy and Petroleum"
http://dx.doi.org/10.13039/100014735,"Royal College of Physicians and Surgeons of Canada"
http://dx.doi.org/10.13039/100012285,"BC Children's Hospital Research Institute"
http://dx.doi.org/10.13039/501100000157,"International Union of Biochemistry and Molecular Biology"
http://dx.doi.org/10.13039/100009384,"Aga Khan Foundation Canada"
http://dx.doi.org/10.13039/501100000263,"Parkinson Society Canada"
http://dx.doi.org/10.13039/501100000084,"Institute of Social and Economic Research, Memorial University of Newfoundland"
http://dx.doi.org/10.13039/100013711,"Bayer Canada"
http://dx.doi.org/10.13039/100008952,"BCIT School of Energy"
http://dx.doi.org/10.13039/501100000203,"Canadian Foundation for Dietetic Research"
http://dx.doi.org/10.13039/100010894,"Terrafix Geosynthetics"
http://dx.doi.org/10.13039/100012016,"Institut National de Santé Publique du Québec"
http://dx.doi.org/10.13039/100012134,"Lung Association, Alberta and NWT"
http://dx.doi.org/10.13039/501100000088,"Ernest C. Manning Awards Foundation"
http://dx.doi.org/10.13039/501100003742,"Gambling Awareness Nova Scotia"
http://dx.doi.org/10.13039/100011775,"BC Children’s Hospital Foundation"
http://dx.doi.org/10.13039/501100003774,"Morris Kerzner Memorial Fund"
http://dx.doi.org/10.13039/501100000148,"Canadian Anesthesiologists' Society"
http://dx.doi.org/10.13039/100011153,"Société Canadienne d'Ophtalmologie"
http://dx.doi.org/10.13039/100008583,"Faculty of Engineering, McGill University"
http://dx.doi.org/10.13039/501100010784,"Ocean Frontier Institute"
http://dx.doi.org/10.13039/501100012679,"Institut de Cardiologie de Montréal"
http://dx.doi.org/10.13039/501100004326,"Simon Fraser University"
http://dx.doi.org/10.13039/100010488,"Freshwater Fisheries Society of British Columbia"
http://dx.doi.org/10.13039/100009869,"SIDS Calgary Society"
http://dx.doi.org/10.13039/100014089,"Workplace Safety and Insurance Board"
http://dx.doi.org/10.13039/100010655,"Canadian Association of Palynologists"
http://dx.doi.org/10.13039/501100002323,"Rotman Research Institute, Baycrest"
http://dx.doi.org/10.13039/100010256,"Molly Towell Perinatal Research Foundation"
http://dx.doi.org/10.13039/501100010928,"Institute of Indigenous Peoples' Health"
http://dx.doi.org/10.13039/100009368,"University of New Brunswick"
http://dx.doi.org/10.13039/100013194,"Shell Canada"
http://dx.doi.org/10.13039/501100007079,"Ontario Ministry of Food and Agriculture"
http://dx.doi.org/10.13039/100009014,"Abbott Canada"
http://dx.doi.org/10.13039/501100000086,"Jackman Humanities Institute, University of Toronto"
http://dx.doi.org/10.13039/100008987,"Manitoba Agriculture, Food and Rural Development"
http://dx.doi.org/10.13039/501100000016,"Canadian Space Agency"
http://dx.doi.org/10.13039/501100001804,"Canada Research Chairs"
http://dx.doi.org/10.13039/100013215,"Beaufort Regional Environmental Assessment"
http://dx.doi.org/10.13039/501100000143,"Alzheimer Society"
http://dx.doi.org/10.13039/100012446,"Canadian Spinal Research Organization American Spinal Research Organization"
http://dx.doi.org/10.13039/100012020,"Biodiversity Institute of Ontario"
http://dx.doi.org/10.13039/100009442,"Université du Québec en Abitibi-Témiscamingue"
http://dx.doi.org/10.13039/100012317,"Astellas Pharma Canada"
http://dx.doi.org/10.13039/100008767,"Wild Blueberry Producers Association of Nova Scotia"
http://dx.doi.org/10.13039/100004411,"Heart and Stroke Foundation of Canada"
http://dx.doi.org/10.13039/100008021,"Bristol-Myers Squibb Canada"
http://dx.doi.org/10.13039/501100007080,"Ministry of Rural Affairs"
http://dx.doi.org/10.13039/100012265,"Canadian Geological Foundation"
http://dx.doi.org/10.13039/501100000061,"Bibliothèque et Archives nationales du Québec"
http://dx.doi.org/10.13039/100011835,"Comox Valley Healthcare Foundation"
http://dx.doi.org/10.13039/100012269,"Alberta Sport Connection"
http://dx.doi.org/10.13039/501100002879,"Canadian HIV Trials Network, Canadian Institutes of Health Research"
http://dx.doi.org/10.13039/501100000091,"Ontario Federation of Anglers and Hunters"
http://dx.doi.org/10.13039/100009850,"Université du Québec à Trois-Rivières"
http://dx.doi.org/10.13039/501100000198,"Donner Canadian Foundation"
http://dx.doi.org/10.13039/501100004723,"Ontario Stroke Network"
http://dx.doi.org/10.13039/100011021,"Sunnybrook Research Institute"
http://dx.doi.org/10.13039/501100012090,"Clean Air Regulatory Agenda"
http://dx.doi.org/10.13039/501100000200,"Canadian Foundation for Climate and Atmospheric Sciences"
http://dx.doi.org/10.13039/100013212,"Centre in Green Chemistry and Catalysis"
http://dx.doi.org/10.13039/100014131,"McGill University Health Centre"
http://dx.doi.org/10.13039/501100004490,"University of Waterloo"
http://dx.doi.org/10.13039/100013151,"Edmonton Community Foundation"
http://dx.doi.org/10.13039/501100004489,"Mitacs"
http://dx.doi.org/10.13039/501100007178,"Office of Energy Research and Development"
http://dx.doi.org/10.13039/501100008093,"Schulich School of Medicine and Dentistry"
http://dx.doi.org/10.13039/100008581,"Faculty of Graduate Studies and Research, University of Regina"
http://dx.doi.org/10.13039/100013366,"EJLB Foundation"
http://dx.doi.org/10.13039/100012268,"Alberta Historical Resources Foundation"
http://dx.doi.org/10.13039/100014378,"Canadian Museum of Nature"
http://dx.doi.org/10.13039/100008165,"Advanced Foods and Materials Network"
http://dx.doi.org/10.13039/100012637,"Vale Canada Limited"
http://dx.doi.org/10.13039/100012237,"Government of Alberta Ministry of Transportation"
http://dx.doi.org/10.13039/501100006538,"Canadian Arthritis Network"
http://dx.doi.org/10.13039/501100000188,"Royal Society of Canada"
http://dx.doi.org/10.13039/100012204,"Sinneave Family Foundation"
http://dx.doi.org/10.13039/501100000186,"Entomological Society of Canada"
http://dx.doi.org/10.13039/501100000193,"International Development Research Centre"
http://dx.doi.org/10.13039/501100000062,"Bibliographical Society of Canada"
http://dx.doi.org/10.13039/100010653,"Bloorview Research Institute"
http://dx.doi.org/10.13039/100014088,"Workers' Compensation Board – Alberta"
http://dx.doi.org/10.13039/100011977,"Organisation Canadienne des Physiciens Médicaux"
http://dx.doi.org/10.13039/501100000037,"Institute of Health Services and Policy Research"
http://dx.doi.org/10.13039/100008240,"Fonds de Recherche du Québec-Société et Culture"
http://dx.doi.org/10.13039/100009011,"Ontario Centres of Excellence"
http://dx.doi.org/10.13039/100011797,"St. Francis Xavier University"
http://dx.doi.org/10.13039/100008774,"British Columbia Ministry of Agriculture and Lands"
http://dx.doi.org/10.13039/501100005245,"Institute for Computing, Information and Cognitive Systems"
http://dx.doi.org/10.13039/501100000065,"Bank of Canada"
http://dx.doi.org/10.13039/100012596,"Nuclear Waste Management Organization"
http://dx.doi.org/10.13039/501100000006,"Association of Medical Microbiology and Infectious Disease Canada"
http://dx.doi.org/10.13039/100008979,"Department of Agriculture, Nova Scotia"
http://dx.doi.org/10.13039/100012772,"Canadian Imperial Bank of Commerce"
http://dx.doi.org/10.13039/100010404,"Forest Genetics Council of British Columbia"
http://dx.doi.org/10.13039/100012968,"Thompson Rivers University"
http://dx.doi.org/10.13039/100012977,"Brescia University College"
http://dx.doi.org/10.13039/100012966,"Emily Carr University of Art and Design"
http://dx.doi.org/10.13039/100012426,"Société Internationale D'Urologie"
http://dx.doi.org/10.13039/501100000003,"ArcticNet"
http://dx.doi.org/10.13039/501100000229,"Law Foundation of Nova Scotia"
http://dx.doi.org/10.13039/501100000162,"Osler Library of the History of Medicine, McGill University"
http://dx.doi.org/10.13039/100011219,"Ministère des Forêts, de la Faune et des Parcs"
http://dx.doi.org/10.13039/100007583,"Alberta Conservation Association"
http://dx.doi.org/10.13039/100013798,"Bladder Cancer Canada"
http://dx.doi.org/10.13039/100012320,"Innovation PEI"
http://dx.doi.org/10.13039/501100003175,"FPInnovations"
http://dx.doi.org/10.13039/100007891,"Ryerson University"
http://dx.doi.org/10.13039/100010707,"Canadian Bee Research Fund"
http://dx.doi.org/10.13039/100010294,"Posluns Family Foundation"
http://dx.doi.org/10.13039/100008138,"Ontario Ministry of Natural Resources and Forestry"
http://dx.doi.org/10.13039/501100000012,"Canadian Astronomical Society"
http://dx.doi.org/10.13039/100007582,"Alberta Health Services"
http://dx.doi.org/10.13039/100014377,"Bruce Power"
http://dx.doi.org/10.13039/501100000159,"Natural Resources Canada"
http://dx.doi.org/10.13039/100008311,"Canadian Association for Co-operative Education"
http://dx.doi.org/10.13039/100008951,"Medicure"
http://dx.doi.org/10.13039/100009369,"Nipissing University"
http://dx.doi.org/10.13039/100012261,"Federation of Canadian Municipalities"
http://dx.doi.org/10.13039/100010322,"Stollery Children’s Hospital Foundation"
http://dx.doi.org/10.13039/501100000027,"Institute of Cancer Research"
http://dx.doi.org/10.13039/501100000096,"Scottish Rite Charitable Foundation of Canada"
http://dx.doi.org/10.13039/501100003332,"BC Renal Agency"
http://dx.doi.org/10.13039/501100000232,"Newfoundland & Labrador Centre for Applied Health Research"
http://dx.doi.org/10.13039/501100002202,"Toronto Rehabilitation Institute"
http://dx.doi.org/10.13039/100011789,"Grande Prairie Regional College"
